{
  "features": [
    "word_count",
    "char_count",
    "newline_count",
    "has_code_block",
    "question_count",
    "list_marker_count",
    "file_ref_count",
    "has_line_ref",
    "correction_count",
    "inquiry_count",
    "review_count",
    "constraint_count",
    "task_debug_count",
    "task_explain_count",
    "task_generate_count",
    "task_refactor_count",
    "directive_count",
    "collaborative_count",
    "has_please",
    "has_thanks",
    "code_ratio",
    "has_inline_code",
    "is_terse",
    "is_single_token",
    "is_jailbreak",
    "is_rewrite_request",
    "has_please_in_instruction",
    "has_thanks_in_instruction",
    "has_greeting",
    "is_frustrated",
    "instruction_ratio",
    "is_short_vague",
    "has_numbered_list",
    "has_specific_ref",
    "has_question_about_code",
    "is_bare_directive",
    "is_neutral_tone",
    "exclamation_count"
  ],
  "scaler": {
    "mean": [
      140.542,
      1036.105,
      15.463,
      0.008,
      0.652,
      1.027,
      0.18,
      0.021,
      0.165,
      0.213,
      0.422,
      0.692,
      0.15,
      0.074,
      0.437,
      0.018,
      0.514,
      0.364,
      0.092,
      0.035,
      0.08882300000000001,
      0.215,
      0.096,
      0.044,
      0.011,
      0.023,
      0.077,
      0.031,
      0.017,
      0.03,
      0.891372,
      0.107,
      0.043,
      0.19,
      0.029,
      0.033,
      0.642,
      0.246
    ],
    "std": [
      386.06862114914236,
      2776.9014905061003,
      56.48625169897538,
      0.08908422980528034,
      1.8381773581458345,
      5.19252067882257,
      1.1232096865679178,
      0.14338409953687334,
      0.6097335483635454,
      0.7520844367489598,
      1.2441527237441552,
      2.292408340588561,
      0.5210566188045211,
      0.41776069705035684,
      1.216565246914443,
      0.17797752667120648,
      0.9928766287913116,
      0.8083959425924898,
      0.289025950392002,
      0.1837797594948911,
      0.21853856792566387,
      0.41082234603292944,
      0.29459124223235145,
      0.20509509989270833,
      0.10430244484191156,
      0.14990330216509576,
      0.26659144772479104,
      0.1733176274935703,
      0.12927103310486848,
      0.1705872210923198,
      0.29628493653238597,
      0.3091132478558627,
      0.20285709255532572,
      0.39230090491866065,
      0.16780643611018023,
      0.1786365024288149,
      0.47941214002150595,
      1.4119079290095373
    ]
  },
  "vibe": {
    "classes": [
      1,
      2,
      3,
      4,
      5
    ],
    "coef": [
      [
        0.4836974752537659,
        -0.10189978508989463,
        0.11768737542591172,
        0.06755910259871546,
        0.20630334114691368,
        0.36566446408993425,
        0.145247811709191,
        -0.14642001697381415,
        0.5772255092008405,
        0.2752798503440757,
        0.11550403416131069,
        0.5933054871739538,
        -0.7359200460230326,
        0.4129501055312933,
        -0.24979994215532947,
        0.2073006250876937,
        -0.10652559492584968,
        -0.4566185106228104,
        -0.274973651145495,
        0.41338988900553536,
        0.5961331365203802,
        0.1893482306793167,
        -0.2401659906413367,
        0.052525100535532596,
        -0.31364838239805465,
        -0.6099407642926424,
        0.3986681186565566,
        -0.4960718375195581,
        -0.09714927029292895,
        0.47680175452708756,
        0.6336219865117158,
        -0.26338127332478933,
        1.1618544982962251,
        0.37375182049326283,
        -0.1849340663851488,
        -0.02043650971744801,
        -0.15650715808043864,
        -0.2202066750257899
      ],
      [
        -0.11325398025556523,
        0.42397249409752513,
        -0.8202269877072796,
        0.18386094619723437,
        -0.1452314985316604,
        0.2257677746196392,
        -0.08260857751787559,
        -0.2780343583799651,
        0.753541879901126,
        0.13480087171571442,
        0.12534056358052337,
        0.8476475755508249,
        0.2289239785733418,
        0.06078385100535589,
        0.2361726420982925,
        -0.41132867673308604,
        -0.5659244871314265,
        0.3566437080087514,
        -0.12781194986615782,
        0.17586467601596936,
        -0.2621065439568324,
        -0.06652505760276933,
        -0.4928490480688453,
        -0.06147945533614098,
        -0.6932985849776295,
        -0.0022803676743715644,
        0.16663408819700803,
        -0.5248439637079965,
        -0.41134589595036586,
        0.04741188674794915,
        -0.2752212666093937,
        -0.38604982548372524,
        0.4320236142228539,
        -0.22557296281966258,
        0.1876915350892481,
        -0.35218742287455174,
        0.4209468664798954,
        -0.18945801355401956
      ],
      [
        0.10712891759269795,
        -0.10763812666825029,
        -0.05483502240346916,
        0.05381977587999284,
        0.0026259632041587006,
        0.06790347254555372,
        -0.07336045523381834,
        0.2034406987929348,
        -0.2772793863351897,
        -0.14274371501199914,
        -0.04389768253051868,
        -0.5927621737779734,
        -0.02166085388860151,
        0.19395901869092286,
        0.15192144988795422,
        0.3170023427033204,
        -0.6263589291862076,
        0.4194006330938919,
        -0.057244513546636955,
        -0.37749152949996634,
        -0.43610847769120464,
        0.19379960801957427,
        -0.9934249456236517,
        -0.16327270545113598,
        0.23081277100508313,
        0.12542591067384065,
        0.04246727978296065,
        0.5079929701443495,
        -0.06888929891833556,
        0.15028490597358998,
        0.34561843729220076,
        -0.33137535037514454,
        -0.7939829512747467,
        0.08208276621996649,
        0.08870885184431283,
        0.06781419061835418,
        0.2959600642111707,
        0.10299175221606897
      ],
      [
        -0.23856160169215332,
        -0.2763246592117518,
        0.21929296619234953,
        0.08847647468626252,
        0.019715015074164892,
        -0.19818185919796796,
        -0.043222840914979466,
        0.13524775098099495,
        -0.06669515304800128,
        -0.25928173110675445,
        0.04703406335050109,
        -0.6570976722694627,
        0.06338031085195923,
        0.0335047572377903,
        0.37503083168549267,
        0.178339561859806,
        0.22513607163137717,
        0.12672006529629953,
        0.4587971078137429,
        -0.006305753844991663,
        0.024465734241450942,
        0.04555202769198311,
        0.5764850651244489,
        -0.5992668015022429,
        0.3302406429381869,
        0.573633343830223,
        -0.55539221122811,
        -0.042842562755437574,
        0.1411794161955197,
        -0.14958665126747156,
        0.21760485993629633,
        0.15977741979812002,
        -0.7171563907588612,
        -0.028183081898997608,
        0.1984844102128,
        0.11902643386961251,
        -0.034355331825936496,
        0.2096761368201081
      ],
      [
        -0.23901081089874554,
        0.061890076872371774,
        0.5380816684924888,
        -0.3937162993622037,
        -0.08341282089357999,
        -0.4611538520571621,
        0.05394406195747721,
        0.08576592557985188,
        -0.9867928497187763,
        -0.008055275941036357,
        -0.24398097856181647,
        -0.1910932166773391,
        0.46527661048633184,
        -0.7011977324653633,
        -0.51332498151641,
        -0.29131385291773226,
        1.0736729396121023,
        -0.44614589577613445,
        0.00123300674454493,
        -0.20545728167654617,
        0.07761615088621085,
        -0.3621748087881073,
        1.1499549192093883,
        0.7714938617539884,
        0.44589355343241543,
        -0.08683812253704903,
        -0.05237727540841669,
        0.5557653938386387,
        0.4362050489661122,
        -0.5249118959811546,
        -0.9216240171308211,
        0.8210290293855431,
